{"cameraMode":{"drawMode":0,"name":"Shaded","section":"Shading Mode"},"sceneLighting":true,"audioPlay":false,"sceneViewState":{"showFog":true,"showMaterialUpdate":false,"showSkybox":true,"showFlares":true,"showImageEffects":true,"showParticleSystems":true},"in2DMode":false,"pivot":{"x":-896.0885009765625,"y":69.95602416992188,"z":-176.8380126953125},"rotation":{"x":-0.0017365035600960255,"y":0.9966904520988464,"z":-0.07821032404899597,"w":-0.022129299119114877},"size":1096.052978515625,"orthographic":false}