{"cameraMode":{"drawMode":0,"name":"Shaded","section":"Shading Mode"},"sceneLighting":true,"audioPlay":false,"sceneViewState":{"showFog":true,"showMaterialUpdate":true,"showSkybox":true,"showFlares":true,"showImageEffects":true,"showParticleSystems":true},"in2DMode":false,"pivot":{"x":68.35800170898438,"y":149.65321350097657,"z":-0.26761627197265627},"rotation":{"x":-0.0018094455590471626,"y":0.009096912108361721,"z":-0.000016407868315582164,"w":-0.9999594688415527},"size":116.52229309082031,"orthographic":false}